x1,y1,x2,y2,index1,index2
700,350,60,153,0,119
60,153,605,110,119,176
605,110,80,126,176,122
80,126,612,118,122,177
612,118,87,118,177,123
87,118,619,126,123,178
619,126,80,126,178,122
80,126,612,118,122,177
612,118,87,118,177,123
87,118,619,126,123,178
619,126,80,126,178,122
80,126,612,118,122,177
612,118,87,118,177,123
87,118,619,126,123,178
619,126,80,126,178,122
80,126,605,110,122,176
605,110,73,135,176,121
73,135,612,118,121,177
612,118,87,118,177,123
87,118,626,135,123,179
626,135,94,110,179,124
94,110,619,126,124,178
619,126,80,126,178,122
80,126,612,118,122,177
612,118,73,135,177,121
73,135,605,110,121,176
605,110,80,126,176,122
80,126,619,126,122,178
619,126,94,110,178,124
94,110,626,135,124,179
626,135,87,118,179,123
87,118,619,126,123,178
619,126,94,110,178,124
94,110,612,118,124,177
612,118,73,135,177,121
73,135,605,110,121,176
605,110,87,118,176,123
87,118,626,135,123,179
626,135,94,110,179,124
94,110,633,144,124,180
633,144,24,221,180,112
24,221,656,181,112,184
656,181,33,200,184,114
33,200,661,191,114,185
661,191,38,191,185,115
38,191,666,200,115,186
666,200,33,200,186,114
33,200,661,191,114,185
661,191,38,191,185,115
38,191,666,200,115,186
666,200,33,200,186,114
33,200,661,191,114,185
661,191,38,191,185,115
38,191,666,200,115,186
666,200,43,181,186,116
43,181,671,210,116,187
671,210,54,162,187,118
54,162,689,262,118,192
689,262,48,171,192,117
48,171,666,200,117,186
666,200,33,200,186,114
33,200,656,181,114,184
656,181,28,210,184,113
28,210,661,191,113,185
661,191,33,200,185,114
33,200,666,200,114,186
666,200,43,181,186,116
43,181,671,210,116,187
671,210,38,191,187,115
38,191,666,200,115,186
666,200,33,200,186,114
33,200,656,181,114,184
656,181,28,210,184,113
28,210,661,191,113,185
661,191,38,191,185,115
38,191,666,200,115,186
666,200,43,181,186,116
43,181,671,210,116,187
671,210,38,191,187,115
38,191,656,181,115,184
656,181,28,210,184,113
28,210,639,153,113,181
639,153,94,110,181,124
94,110,612,118,124,177
612,118,80,126,177,122
80,126,619,126,122,178
619,126,87,118,178,123
87,118,612,118,123,177
612,118,73,135,177,121
73,135,597,102,121,175
597,102,66,144,175,120
66,144,605,110,120,176
605,110,87,118,176,123
87,118,626,135,123,179
626,135,102,102,179,125
102,102,633,144,125,180
633,144,94,110,180,124
94,110,619,126,124,178
619,126,102,102,178,125
102,102,626,135,125,179
626,135,110,94,179,126
110,94,633,144,126,180
633,144,87,118,180,123
87,118,626,135,123,179
626,135,94,110,179,124
94,110,639,153,124,181
639,153,87,118,181,123
87,118,605,110,123,176
605,110,66,144,176,120
66,144,612,118,120,177
612,118,60,153,177,119
60,153,671,210,119,187
671,210,43,181,187,116
43,181,661,191,116,185
661,191,33,200,185,114
33,200,666,200,114,186
666,200,43,181,186,116
43,181,675,221,116,188
675,221,66,144,188,120
66,144,605,110,120,176
605,110,80,126,176,122
80,126,597,102,122,175
597,102,73,135,175,121
73,135,589,94,121,174
589,94,273,691,174,57
273,691,328,0,57,148
328,0,295,695,148,55
295,695,317,1,55,147
317,1,284,693,147,56
284,693,328,0,56,148
328,0,295,695,148,55
295,695,317,1,55,147
317,1,284,693,147,56
284,693,328,0,56,148
328,0,295,695,148,55
295,695,317,1,55,147
317,1,306,697,147,54
306,697,306,2,54,146
306,2,295,695,146,55
295,695,317,1,55,147
317,1,306,697,147,54
306,697,295,4,54,145
295,4,317,698,145,53
317,698,284,6,53,144
284,6,328,699,144,52
328,699,273,8,52,143
273,8,317,698,143,53
317,698,295,4,53,145
295,4,306,697,145,54
306,697,306,2,54,146
306,2,295,695,146,55
295,695,317,1,55,147
317,1,306,697,147,54
306,697,306,2,54,146
306,2,295,695,146,55
295,695,317,1,55,147
317,1,415,693,147,44
415,693,371,0,44,152
371,0,404,695,152,45
404,695,382,1,45,153
382,1,393,697,153,46
393,697,393,2,46,154
393,2,382,698,154,47
382,698,404,4,47,155
404,4,371,699,155,48
371,699,415,6,48,156
415,6,382,698,156,47
382,698,393,2,47,154
393,2,393,697,154,46
393,697,382,1,46,153
382,1,404,695,153,45
404,695,371,0,45,152
371,0,393,697,152,46
393,697,393,2,46,154
393,2,382,698,154,47
382,698,404,4,47,155
404,4,371,699,155,48
371,699,415,6,48,156
415,6,360,699,156,49
360,699,404,4,49,155
404,4,382,698,155,47
382,698,393,2,47,154
393,2,393,697,154,46
393,697,382,1,46,153
382,1,404,695,153,45
404,695,360,0,45,151
360,0,415,693,151,44
415,693,371,0,44,152
371,0,404,695,152,45
404,695,360,0,45,151
360,0,426,691,151,43
426,691,371,0,43,152
371,0,393,697,152,46
393,697,382,1,46,153
382,1,404,695,153,45
404,695,371,0,45,152
371,0,393,697,152,46
393,697,393,2,46,154
393,2,382,698,154,47
382,698,404,4,47,155
404,4,371,699,155,48
371,699,426,8,48,157
426,8,360,699,157,49
360,699,273,8,49,143
273,8,339,699,143,51
339,699,284,6,51,144
284,6,317,698,144,53
317,698,295,4,53,145
295,4,306,697,145,54
306,697,306,2,54,146
306,2,295,695,146,55
295,695,328,0,55,148
328,0,284,693,148,56
284,693,339,0,56,149
339,0,295,695,149,55
295,695,581,87,55,173
581,87,328,699,173,52
328,699,284,6,52,144
284,6,317,698,144,53
317,698,295,4,53,145
295,4,306,697,145,54
306,697,306,2,54,146
306,2,317,698,146,53
317,698,295,4,53,145
295,4,328,699,145,52
328,699,262,10,52,142
262,10,349,700,142,50
349,700,415,6,50,156
415,6,382,698,156,47
382,698,404,4,47,155
404,4,360,699,155,49
360,699,415,6,49,156
415,6,382,698,156,47
382,698,118,87,47,127
118,87,626,135,127,179
626,135,110,94,179,126
110,94,679,231,126,189
679,231,43,181,189,116
43,181,661,191,116,185
661,191,38,191,185,115
38,191,656,181,115,184
656,181,20,231,184,111
20,231,597,102,111,175
597,102,13,252,175,109
13,252,651,171,109,183
651,171,33,200,183,114
33,200,656,181,114,184
656,181,24,221,184,112
24,221,626,135,112,179
626,135,80,126,179,122
80,126,589,94,122,174
589,94,73,135,174,121
73,135,605,110,121,176
605,110,60,153,176,119
60,153,671,210,119,187
671,210,38,191,187,115
38,191,675,221,115,188
675,221,43,181,188,116
43,181,679,231,116,189
679,231,102,102,189,125
102,102,682,241,125,190
682,241,48,171,190,117
48,171,686,252,117,191
686,252,102,102,191,125
102,102,537,645,125,32
537,645,555,66,32,170
555,66,508,661,170,35
508,661,4,404,35,95
4,404,221,24,95,138
221,24,339,699,138,51
339,699,284,6,51,144
284,6,328,699,144,52
328,699,295,4,52,145
295,4,306,697,145,54
306,697,306,2,54,146
306,2,10,262,146,108
10,262,651,171,108,183
651,171,17,241,183,110
17,241,656,181,110,184
656,181,20,231,184,111
20,231,626,135,111,179
626,135,110,94,179,126
110,94,458,682,126,40
458,682,564,73,40,171
564,73,437,689,171,42
437,689,360,0,42,151
360,0,404,695,151,45
404,695,118,87,45,127
118,87,371,699,127,48
371,699,437,10,48,158
437,10,360,699,158,49
360,699,447,13,49,159
447,13,371,699,159,48
371,699,426,8,48,157
426,8,339,699,157,51
339,699,284,6,51,144
284,6,349,700,144,50
349,700,437,10,50,158
437,10,371,699,158,48
371,699,126,80,48,128
126,80,382,698,128,47
382,698,426,8,47,157
426,8,317,698,157,53
317,698,573,80,53,172
573,80,328,699,172,52
328,699,241,17,52,140
241,17,339,699,140,51
339,699,210,28,51,137
210,28,28,489,137,87
28,489,564,626,87,29
564,626,33,499,29,86
33,499,573,619,86,28
573,619,38,508,28,85
38,508,564,626,85,29
564,626,546,60,29,169
546,60,573,619,169,28
573,619,43,518,28,84
43,518,581,612,84,27
581,612,48,528,27,83
48,528,589,605,83,26
589,605,54,537,26,82
54,537,181,43,82,134
181,43,60,546,134,81
60,546,589,605,81,26
589,605,537,54,26,168
537,54,597,597,168,25
597,597,66,555,25,80
66,555,612,581,80,23
612,581,87,581,23,77
87,581,633,555,77,20
633,555,102,597,20,75
102,597,639,546,75,19
639,546,94,589,19,76
94,589,171,48,76,133
171,48,87,581,133,77
87,581,612,581,77,23
612,581,528,48,23,167
528,48,619,573,167,22
619,573,80,573,22,78
80,573,612,581,78,23
612,581,87,581,23,77
87,581,171,48,77,133
171,48,94,589,133,76
94,589,633,555,76,20
633,555,102,597,20,75
102,597,171,48,75,133
171,48,80,573,133,78
80,573,626,564,78,21
626,564,528,48,21,167
528,48,619,573,167,22
619,573,73,564,22,79
73,564,612,581,79,23
612,581,87,581,23,77
87,581,171,48,77,133
171,48,102,597,133,75
102,597,162,54,75,132
162,54,135,626,132,71
135,626,153,60,71,131
153,60,181,656,131,66
181,656,144,66,66,130
144,66,210,671,130,63
210,671,597,102,63,175
597,102,73,135,175,121
73,135,612,118,121,177
612,118,66,144,177,120
66,144,589,94,120,174
589,94,171,651,174,67
171,651,144,66,67,130
144,66,221,675,130,62
221,675,581,87,62,173
581,87,328,699,173,52
328,699,252,13,52,141
252,13,426,691,141,43
426,691,564,73,43,171
564,73,447,686,171,41
447,686,181,43,41,134
181,43,66,555,134,80
66,555,605,589,80,24
605,589,537,54,24,168
537,54,581,612,168,27
581,612,546,60,27,169
546,60,528,651,169,33
528,651,555,66,33,170
555,66,489,671,170,37
489,671,118,87,37,127
118,87,458,682,127,40
458,682,564,73,40,171
564,73,66,144,171,120
66,144,698,317,120,197
698,317,60,153,197,119
60,153,612,118,119,177
612,118,48,528,177,83
48,528,619,126,83,178
619,126,110,94,178,126
110,94,528,651,126,33
528,651,546,60,33,169
546,60,537,645,169,32
537,645,555,66,32,170
555,66,499,666,170,36
499,666,118,87,36,127
118,87,415,693,127,44
415,693,371,0,44,152
371,0,284,693,152,56
284,693,339,0,56,149
339,0,404,695,149,45
404,695,126,80,45,128
126,80,360,699,128,49
360,699,458,17,49,160
458,17,262,689,160,58
262,689,135,73,58,129
135,73,273,691,129,57
273,691,339,0,57,149
339,0,415,693,149,44
415,693,360,0,44,151
360,0,284,693,151,56
284,693,349,0,56,150
349,0,404,695,150,45
404,695,564,73,45,171
564,73,468,679,171,39
468,679,162,54,39,132
162,54,144,633,132,70
144,633,153,60,70,131
153,60,171,651,131,67
171,651,689,437,67,8
689,437,478,24,8,162
478,24,360,699,162,49
360,699,468,20,49,161
468,20,349,700,161,50
349,700,273,8,50,143
273,8,317,698,143,53
317,698,437,10,53,158
437,10,328,699,158,52
328,699,231,20,52,139
231,20,4,404,139,95
4,404,633,144,95,180
633,144,94,110,180,124
94,110,645,162,124,182
645,162,6,284,182,106
6,284,639,153,106,181
639,153,28,210,181,113
28,210,645,162,113,182
645,162,4,295,182,105
4,295,639,153,105,181
639,153,0,328,181,102
0,328,645,162,102,182
645,162,2,306,182,104
2,306,639,153,104,181
639,153,87,118,181,123
87,118,633,144,123,180
633,144,144,66,180,130
144,66,200,666,130,64
200,666,697,393,64,4
697,393,478,24,4,162
478,24,360,699,162,49
360,699,489,28,49,163
489,28,691,426,163,7
691,426,153,639,7,69
153,639,153,60,69,131
153,60,126,619,131,72
126,619,661,508,72,15
661,508,118,612,15,73
118,612,656,518,73,16
656,518,126,619,16,72
126,619,661,508,72,15
661,508,508,38,15,165
508,38,651,528,165,17
651,528,110,605,17,74
110,605,645,537,74,18
645,537,518,43,18,166
518,43,651,528,166,17
651,528,118,612,17,73
118,612,162,54,73,132
162,54,144,633,132,70
144,633,499,33,70,164
499,33,349,700,164,50
349,700,415,6,50,156
415,6,339,699,156,51
339,699,231,20,51,139
231,20,10,437,139,92
10,437,10,262,92,108
10,262,651,171,108,183
651,171,8,273,183,107
8,273,639,153,107,181
639,153,144,66,181,130
144,66,231,679,130,61
231,679,537,54,61,168
537,54,573,619,168,28
573,619,546,60,28,169
546,60,546,639,169,31
546,639,17,458,31,90
17,458,231,20,90,139
231,20,20,468,139,89
20,468,200,33,89,136
200,33,24,478,136,88
24,478,581,87,88,173
581,87,73,135,173,121
73,135,619,126,121,178
619,126,24,221,178,112
24,221,633,144,112,180
633,144,6,415,180,94
6,415,221,24,94,138
221,24,8,426,138,93
8,426,633,144,93,180
633,144,162,54,180,132
162,54,589,605,132,26
589,605,171,48,26,133
171,48,102,597,133,75
102,597,633,555,75,20
633,555,528,48,20,167
528,48,110,605,167,74
110,605,645,537,74,18
645,537,144,66,18,130
144,66,191,661,130,65
191,661,698,382,65,3
698,382,66,144,3,120
66,144,697,306,120,196
697,306,54,162,196,118
54,162,605,110,118,176
605,110,48,171,176,117
48,171,691,273,117,193
691,273,54,162,193,118
54,162,693,284,118,194
693,284,48,171,194,117
48,171,666,200,117,186
666,200,306,2,186,146
306,2,317,698,146,53
317,698,262,10,53,142
262,10,118,87,142,127
118,87,518,656,127,34
518,656,555,66,34,170
555,66,66,144,170,120
66,144,597,102,120,175
597,102,144,633,175,70
144,633,679,468,70,11
679,468,153,639,11,69
153,639,675,478,69,12
675,478,489,28,12,163
489,28,693,415,163,6
693,415,66,144,6,120
66,144,699,339,120,199
699,339,60,153,199,119
60,153,699,360,119,1
699,360,181,656,1,66
181,656,153,60,66,131
153,60,162,645,131,68
162,645,682,458,68,10
682,458,478,24,10,162
478,24,349,700,162,50
349,700,447,13,50,159
447,13,360,699,159,49
360,699,262,10,49,142
262,10,118,87,142,127
118,87,528,651,127,33
528,651,8,426,33,93
8,426,252,13,93,141
252,13,339,699,141,51
339,699,262,10,51,142
262,10,118,87,142,127
118,87,537,645,127,32
537,645,17,458,32,90
17,458,10,262,90,108
10,262,20,468,108,89
20,468,573,80,89,172
573,80,73,564,172,79
73,564,605,589,79,24
605,589,60,546,24,81
60,546,619,126,81,178
619,126,20,468,178,89
20,468,13,252,89,109
13,252,537,54,109,168
537,54,339,699,168,51
339,699,437,10,51,158
437,10,695,404,158,5
695,404,73,135,5,121
73,135,679,231,121,189
679,231,252,686,189,59
252,686,518,43,59,166
518,43,349,700,166,50
349,700,458,17,50,160
458,17,371,699,160,48
371,699,415,6,48,156
415,6,360,699,156,49
360,699,273,8,49,143
273,8,339,699,143,51
339,699,191,38,51,135
191,38,437,689,135,42
437,689,221,24,42,138
221,24,328,699,138,52
328,699,241,17,52,140
241,17,371,699,140,48
371,699,393,2,48,154
393,2,393,697,154,46
393,697,382,1,46,153
382,1,210,28,153,137
210,28,33,499,137,86
33,499,573,80,86,172
573,80,38,508,172,85
38,508,13,252,85,109
13,252,48,528,109,83
48,528,191,38,83,135
191,38,546,639,135,31
546,639,546,60,31,169
546,60,555,633,169,30
555,633,200,33,30,136
200,33,339,699,136,51
339,699,447,13,51,159
447,13,43,181,159,116
43,181,605,110,116,176
605,110,144,633,176,70
144,633,686,447,70,9
686,447,468,20,9,161
468,20,699,360,161,1
699,360,191,661,1,65
191,661,144,66,65,130
144,66,221,675,130,62
221,675,689,262,62,192
689,262,102,102,192,125
102,102,639,153,125,181
639,153,0,349,181,100
0,349,518,656,100,34
518,656,2,393,34,96
2,393,20,231,96,111
20,231,48,528,111,83
48,528,28,210,83,113
28,210,2,393,113,96
2,393,499,666,96,36
499,666,555,66,36,170
555,66,528,651,170,33
528,651,17,458,33,90
17,458,675,478,90,12
675,478,73,135,12,121
73,135,686,447,121,9
686,447,489,28,9,163
489,28,153,639,163,69
153,639,499,33,69,164
499,33,360,699,164,49
360,699,508,38,49,165
508,38,666,499,165,14
666,499,80,126,14,122
80,126,661,508,122,15
661,508,126,80,15,128
126,80,633,144,128,180
633,144,1,382,180,97
1,382,528,651,97,33
528,651,210,28,33,137
210,28,393,2,137,154
393,2,689,262,154,192
689,262,252,686,192,59
252,686,135,73,59,129
135,73,284,693,129,56
284,693,339,0,56,149
339,0,295,695,149,55
295,695,349,0,55,150
349,0,415,693,150,44
415,693,564,73,44,171
564,73,437,689,171,42
437,689,360,0,42,151
360,0,426,691,151,43
426,691,241,17,43,140
241,17,0,360,140,99
0,360,639,153,99,181
639,153,1,317,181,103
1,317,262,10,103,142
262,10,110,94,142,126
110,94,682,241,126,190
682,241,43,181,190,116
43,181,478,24,116,162
478,24,54,162,162,118
54,162,537,54,118,168
537,54,110,605,168,74
110,605,10,437,74,92
10,437,87,581,92,77
87,581,573,80,77,172
573,80,284,693,172,56
284,693,371,0,56,152
371,0,699,339,152,199
699,339,181,656,199,66
181,656,699,371,66,2
699,371,447,13,2,159
447,13,699,328,159,198
699,328,60,153,198,119
60,153,597,102,119,175
597,102,10,262,175,108
10,262,87,118,108,123
87,118,639,546,123,19
639,546,689,262,19,192
689,262,651,528,192,17
651,528,135,73,17,129
135,73,295,695,129,55
295,695,66,555,55,80
66,555,181,43,80,134
181,43,73,564,134,79
73,564,605,589,79,24
605,589,144,66,24,130
144,66,231,679,130,61
231,679,546,60,61,169
546,60,581,612,169,27
581,612,54,537,27,82
54,537,619,126,82,178
619,126,33,499,178,86
33,499,10,262,86,108
10,262,87,118,108,123
87,118,626,564,123,21
626,564,94,589,21,76
94,589,262,689,76,58
262,689,328,0,58,148
328,0,489,28,148,163
489,28,317,1,163,147
317,1,8,273,147,107
8,273,478,675,107,38
478,675,221,24,38,138
221,24,645,162,138,182
645,162,1,317,182,103
1,317,28,489,103,87
28,489,2,306,87,104
2,306,458,682,104,40
458,682,191,38,40,135
191,38,564,626,135,29
564,626,24,478,29,88
24,478,546,639,88,31
546,639,699,360,31,1
699,360,210,671,1,63
210,671,546,60,63,169
546,60,555,633,169,30
555,633,699,360,30,1
699,360,564,626,1,29
564,626,697,393,29,4
697,393,581,612,4,27
581,612,153,60,27,131
153,60,126,619,131,72
126,619,518,43,72,166
518,43,60,153,166,119
60,153,699,371,119,2
699,371,210,671,2,63
210,671,489,28,63,163
489,28,306,2,163,146
306,2,153,60,146,131
153,60,191,661,131,65
191,661,695,404,65,5
695,404,589,605,5,26
589,605,693,415,26,6
693,415,33,499,6,86
33,499,10,262,86,108
10,262,94,110,108,124
94,110,651,171,124,183
651,171,13,252,183,109
13,252,478,675,109,38
478,675,564,73,38,171
564,73,447,686,171,41
447,686,360,0,41,151
360,0,252,686,151,59
252,686,110,605,59,74
110,605,20,231,74,111
20,231,80,573,111,78
80,573,28,210,78,113
28,210,2,393,113,96
2,393,698,317,96,197
698,317,73,135,197,121
73,135,699,328,121,198
699,328,60,546,198,81
60,546,555,66,81,170
555,66,508,661,170,35
508,661,0,349,35,100
0,349,478,675,100,38
478,675,693,284,38,194
693,284,382,1,194,153
382,1,28,210,153,113
28,210,110,605,113,74
110,605,171,48,74,133
171,48,691,273,133,193
691,273,102,102,193,125
102,102,262,10,125,142
262,10,328,699,142,52
328,699,295,4,52,145
295,4,671,210,145,187
671,210,589,605,187,26
589,605,693,415,26,6
693,415,605,589,6,24
605,589,691,426,24,7
691,426,612,581,7,23
612,581,689,437,23,8
689,437,33,499,8,86
33,499,10,262,86,108
10,262,94,110,108,124
94,110,262,10,124,142
262,10,437,10,142,158
437,10,581,87,158,173
581,87,17,241,173,110
17,241,597,102,110,175
597,102,153,639,175,69
153,639,605,110,69,176
605,110,54,162,176,118
54,162,695,295,118,195
695,295,231,679,195,61
231,679,458,17,61,160
458,17,499,666,160,36
499,666,4,404,36,95
4,404,645,537,95,18
645,537,80,126,18,122
80,126,675,221,122,188
675,221,210,671,188,63
210,671,698,382,63,3
698,382,1,317,3,103
1,317,458,682,103,40
458,682,231,20,40,139
231,20,349,700,139,50
349,700,162,54,50,132
162,54,686,252,132,191
686,252,110,94,191,126
110,94,478,675,126,38
478,675,699,339,38,199
699,339,528,651,199,33
528,651,700,350,33,0
700,350,171,651,0,67
171,651,10,437,67,92
10,437,252,13,92,141
252,13,153,639,141,69
153,639,686,252,69,191
686,252,468,679,191,39
468,679,6,284,39,106
6,284,693,415,106,6
693,415,589,605,6,26
589,605,671,210,26,187
671,210,48,171,187,117
48,171,48,528,117,83
48,528,13,252,83,109
13,252,73,564,109,79
73,564,17,241,79,110
17,241,528,651,110,33
528,651,700,350,33,0
700,350,537,645,0,32
537,645,6,415,32,94
6,415,589,94,94,174
589,94,437,10,174,158
437,10,262,10,158,142
262,10,20,468,142,89
20,468,626,135,89,179
626,135,0,339,179,101
0,339,700,350,101,0
700,350,537,645,0,32
537,645,162,54,32,132
162,54,639,153,132,181
639,153,0,371,181,98
0,371,651,528,98,17
651,528,1,382,17,97
1,382,252,13,97,141
252,13,162,645,141,68
162,645,24,221,68,112
24,221,458,682,112,40
458,682,699,328,40,198
699,328,518,656,198,34
518,656,468,20,34,161
468,20,262,689,161,58
262,689,102,597,58,75
102,597,555,66,75,170
555,66,60,153,170,119
60,153,698,382,119,3
698,382,555,633,3,30
555,633,28,489,30,87
28,489,144,633,87,70
144,633,691,273,70,193
691,273,468,679,193,39
468,679,231,20,39,139
231,20,666,200,139,186
666,200,284,693,186,56
284,693,80,573,56,78
80,573,273,691,78,57
273,691,349,0,57,150
349,0,404,695,150,45
404,695,679,231,45,189
679,231,447,686,189,41
447,686,682,241,41,190
682,241,458,682,190,40
458,682,699,328,40,198
699,328,518,656,198,34
518,656,478,24,34,162
478,24,221,675,162,62
221,675,200,33,62,136
200,33,241,682,136,60
241,682,144,66,60,130
144,66,252,686,130,59
252,686,210,28,59,137
210,28,393,2,137,154
393,2,699,339,154,199
699,339,0,360,199,99
0,360,626,135,99,179
626,135,24,478,179,88
24,478,693,284,88,194
693,284,499,666,194,36
499,666,695,295,36,195
695,295,508,661,195,35
508,661,697,306,35,196
697,306,404,4,196,155
404,4,28,210,155,113
28,210,126,619,113,72
126,619,162,54,72,132
162,54,360,699,132,49
360,699,426,8,49,157
426,8,328,699,157,52
328,699,528,48,52,167
528,48,349,700,167,50
349,700,284,6,50,144
284,6,699,328,144,198
699,328,518,656,198,34
518,656,489,28,34,163
489,28,437,689,163,42
437,689,499,33,42,164
499,33,0,339,164,101
0,339,699,360,101,1
699,360,564,626,1,29
564,626,697,393,29,4
697,393,581,612,4,27
581,612,546,60,27,169
546,60,339,699,169,51
339,699,581,87,51,173
581,87,13,252,173,109
13,252,54,537,109,82
54,537,317,698,82,53
317,698,28,489,53,87
28,489,2,306,87,104
2,306,508,661,104,35
508,661,697,306,35,196
697,306,66,555,196,80
66,555,317,698,80,53
317,698,528,48,53,167
528,48,252,13,167,141
252,13,17,458,141,90
17,458,700,350,90,0
700,350,537,645,0,32
537,645,306,2,32,146
306,2,698,317,146,197
698,317,508,661,197,35
508,661,135,73,35,129
135,73,306,697,129,54
306,697,10,437,54,92
10,437,528,651,92,33
528,651,499,33,33,164
499,33,447,686,164,41
447,686,241,17,41,140
241,17,382,698,140,47
382,698,171,48,47,133
171,48,693,284,133,194
693,284,478,675,194,38
478,675,153,60,38,131
153,60,135,626,131,71
135,626,28,210,71,113
28,210,171,651,113,67
171,651,33,200,67,114
33,200,181,656,114,66
181,656,48,171,66,117
48,171,87,581,117,77
87,581,273,691,77,57
273,691,458,17,57,160
458,17,508,661,160,35
508,661,698,317,35,197
698,317,295,4,197,145
295,4,20,468,145,89
20,468,306,2,89,146
306,2,153,60,146,131
153,60,171,651,131,67
171,651,508,38,67,165
508,38,656,518,165,16
656,518,700,350,16,0
700,350,537,645,0,32
537,645,171,48,32,133
171,48,360,699,133,49
360,699,118,87,49,127
118,87,682,241,127,190
682,241,458,682,190,40
458,682,689,262,40,192
689,262,80,573,192,78
80,573,33,200,78,114
33,200,415,693,114,44
415,693,679,231,44,189
679,231,349,0,189,150
349,0,284,693,150,56
284,693,10,437,56,92
10,437,118,612,92,73
118,612,508,38,73,165
508,38,528,651,165,33
528,651,153,60,33,131
153,60,605,589,131,24
605,589,686,447,24,9
686,447,118,87,9,127
118,87,645,162,127,182
645,162,210,28,182,137
210,28,393,2,137,154
393,2,689,437,154,8
689,437,612,581,8,23
612,581,8,273,23,107
8,273,13,447,107,91
13,447,273,691,91,57
273,691,675,221,57,188
675,221,437,689,188,42
437,689,17,241,42,110
17,241,94,589,110,76
94,589,546,60,76,169
546,60,252,13,169,141
252,13,200,666,141,64
200,666,686,252,64,191
686,252,468,679,191,39
468,679,691,273,39,193
691,273,8,426,193,93
8,426,221,24,93,138
221,24,262,689,138,58
262,689,328,0,58,148
328,0,4,295,148,105
4,295,426,8,105,157
426,8,371,699,157,48
371,699,447,13,48,159
447,13,171,48,159,133
171,48,48,171,133,117
48,171,87,581,117,77
87,581,700,350,77,0
700,350,537,645,0,32
537,645,699,371,32,2
699,371,546,639,2,31
546,639,306,2,31,146
306,2,518,43,146,166
518,43,8,273,166,107
8,273,13,447,107,91
13,447,612,118,91,177
612,118,87,581,177,77
87,581,48,171,77,117
48,171,110,605,117,74
110,605,241,17,74,140
241,17,651,171,140,183
651,171,700,350,183,0
700,350,537,645,0,32
537,645,20,231,32,111
20,231,54,537,111,82
54,537,13,252,82,109
13,252,426,691,109,43
426,691,371,0,43,152
371,0,656,518,152,16
656,518,700,350,16,0
700,350,537,645,0,32
537,645,546,60,32,169
546,60,191,661,169,65
191,661,564,73,65,171
564,73,458,682,171,40
458,682,682,241,40,190
682,241,28,489,190,87
28,489,698,382,87,3
698,382,555,633,3,30
555,633,33,499,30,86
33,499,10,262,86,108
10,262,94,110,108,124
94,110,273,8,124,143
273,8,200,666,143,64
200,666,699,339,64,199
699,339,518,656,199,34
518,656,171,48,34,133
171,48,241,682,133,60
241,682,339,0,60,149
339,0,489,671,149,37
489,671,691,273,37,193
691,273,468,679,193,39
468,679,499,33,39,164
499,33,447,686,164,41
447,686,679,231,41,189
679,231,415,693,189,44
415,693,382,1,44,153
382,1,695,404,153,5
695,404,564,626,5,29
564,626,468,20,29,161
468,20,231,679,161,61
231,679,94,589,61,76
94,589,20,231,76,111
20,231,349,0,111,150
349,0,295,695,150,55
295,695,73,564,55,79
73,564,619,126,79,178
619,126,686,447,178,9
686,447,645,162,9,182
645,162,162,54,182,132
162,54,135,626,132,71
135,626,241,17,71,140
241,17,144,633,140,70
144,633,66,144,70,120
66,144,699,328,120,198
699,328,518,656,198,34
518,656,699,339,34,199
699,339,528,651,199,33
528,651,8,273,33,107
8,273,13,447,107,91
13,447,691,273,91,193
691,273,468,679,193,39
468,679,4,295,39,105
4,295,437,10,105,158
437,10,597,102,158,175
597,102,8,273,175,107
8,273,13,447,107,91
13,447,284,6,91,144
284,6,360,699,144,49
360,699,200,33,49,136
200,33,700,350,136,0
700,350,537,645,0,32
537,645,651,528,32,17
651,528,43,518,17,84
43,518,10,262,84,108
10,262,94,110,108,124
94,110,273,8,124,143
273,8,200,666,143,64
200,666,144,66,64,130
144,66,645,162,130,182
645,162,693,415,182,6
693,415,589,605,6,26
589,605,679,468,26,11
679,468,426,8,11,157
426,8,697,306,157,196
697,306,191,661,196,65
191,661,661,191,65,185
661,191,700,350,185,0
700,350,537,645,0,32
537,645,651,528,32,17
651,528,80,126,17,122
80,126,94,589,122,76
94,589,700,350,76,0
700,350,537,645,0,32
537,645,651,528,32,17
651,528,426,8,17,157
426,8,489,671,157,37
489,671,691,273,37,193
691,273,468,679,193,39
468,679,317,1,39,147
317,1,6,284,147,106
6,284,528,48,106,167
528,48,252,686,167,59
252,686,671,210,59,187
671,210,404,695,187,45
404,695,181,43,45,134
181,43,200,666,134,64
200,666,54,162,64,118
54,162,110,605,118,74
110,605,60,153,74,119
60,153,118,612,119,73
118,612,645,537,73,18
645,537,33,200,18,114
33,200,80,573,114,78
80,573,43,181,78,116
43,181,426,691,116,43
426,691,478,24,43,162
478,24,437,689,162,42
437,689,675,221,42,188
675,221,73,135,188,121
73,135,118,612,121,73
118,612,262,689,73,58
262,689,478,24,58,162
478,24,0,371,162,98
0,371,700,350,98,0
700,350,537,645,0,32
537,645,651,528,32,17
651,528,118,87,17,127
118,87,393,697,127,46
393,697,661,191,46,185
661,191,241,682,185,60
241,682,686,252,60,191
686,252,6,415,191,94
6,415,317,698,94,53
317,698,43,518,53,84
43,518,10,262,84,108
10,262,102,102,108,125
102,102,8,273,125,107
8,273,28,489,107,87
28,489,564,73,87,171
564,73,252,13,171,141
252,13,181,656,141,66
181,656,489,28,66,163
489,28,262,10,163,142
262,10,518,43,142,166
518,43,447,686,166,41
447,686,679,231,41,189
679,231,415,693,189,44
415,693,328,0,44,148
328,0,478,675,148,38
478,675,693,284,38,194
693,284,499,666,194,36
499,666,695,295,36,195
695,295,589,94,195,174
589,94,231,679,174,61
231,679,262,10,61,142
262,10,518,43,142,166
518,43,468,679,166,39
468,679,691,273,39,193
691,273,489,671,193,37
489,671,693,284,37,194
693,284,499,666,194,36
499,666,695,295,36,195
695,295,66,144,195,120
66,144,573,80,120,172
573,80,43,518,172,84
43,518,10,262,84,108
10,262,273,691,108,57
273,691,162,54,57,132
162,54,682,241,132,190
682,241,458,682,190,40
458,682,689,262,40,192
689,262,262,689,192,58
262,689,360,0,58,151
360,0,20,231,151,111
20,231,60,546,111,81
